schema	android-ndk-nativeactivity-apk-v1
package	org.isomorphisms.seifert
version_code	2
version_name	0.2
abi	arm64-v8a
native_library	libseifert.so
native_sha256	730bbd710cdbc91b8077fc1d394310a40add5a5430961896c7b5c078a3cef2fb
manifest_sha256	c9e4c74f5a3480b17ae9c73256e4b4412896d31059fd654d875d29516ad1ea85
apk_sha256	2a929495f0843ca29c9603600e384b2c9c5a12db26d280c33f30dfb3553596e3
signer_cert_sha256	de9b1d47c5a65e6d46a204b79dd9ee566b9d3c9832ba81ebc4213d3392e92ff9
source_commit	68b41ba7b4624610813429102ebb8f404426b075
